1453668290359,13476,Create 100 entries,200,OK,JPA: create 100 entries and then remove them 1-1,text,true,240,13476
1453668308843,310,Remove all entries,200,OK,JPA: create 100 entries and then remove them 1-1,text,true,203,310
1453668314158,13009,Create 100 entries,200,OK,JPA: create 100 entries and then remove them 1-1,text,true,240,13009
1453668332198,293,Remove all entries,200,OK,JPA: create 100 entries and then remove them 1-1,text,true,202,293
1453668337517,13481,Create 100 entries,200,OK,JPA: create 100 entries and then remove them 1-1,text,true,240,13481
1453668356006,373,Remove all entries,200,OK,JPA: create 100 entries and then remove them 1-1,text,true,203,373
1453668361387,14357,Create 100 entries,200,OK,JPA: create 100 entries and then remove them 1-1,text,true,240,14357
1453668380754,351,Remove all entries,200,OK,JPA: create 100 entries and then remove them 1-1,text,true,203,351
1453668386108,14159,Create 100 entries,200,OK,JPA: create 100 entries and then remove them 1-1,text,true,240,14159
1453668405273,315,Remove all entries,200,OK,JPA: create 100 entries and then remove them 1-1,text,true,203,315
1453668410596,13362,Create 100 entries,200,OK,JPA: create 100 entries and then remove them 1-1,text,true,240,13362
1453668428965,819,Remove all entries,200,OK,JPA: create 100 entries and then remove them 1-1,text,true,203,819
1453668434825,13271,Create 100 entries,200,OK,JPA: create 100 entries and then remove them 1-1,text,true,240,13271
1453668453110,345,Remove all entries,200,OK,JPA: create 100 entries and then remove them 1-1,text,true,203,345
1453668458466,13813,Create 100 entries,200,OK,JPA: create 100 entries and then remove them 1-1,text,true,240,13813
1453668477283,342,Remove all entries,200,OK,JPA: create 100 entries and then remove them 1-1,text,true,203,342
1453668482635,13493,Create 100 entries,200,OK,JPA: create 100 entries and then remove them 1-1,text,true,240,13493
1453668501156,329,Remove all entries,200,OK,JPA: create 100 entries and then remove them 1-1,text,true,203,329
1453668506492,13789,Create 100 entries,200,OK,JPA: create 100 entries and then remove them 1-1,text,true,240,13789
1453668525287,318,Remove all entries,200,OK,JPA: create 100 entries and then remove them 1-1,text,true,203,318
1453668530626,14292,Create 100 entries,200,OK,JPA: create 100 entries and then remove them 1-1,text,true,240,14292
1453668549925,371,Remove all entries,200,OK,JPA: create 100 entries and then remove them 1-1,text,true,203,371
1453668555303,13048,Create 100 entries,200,OK,JPA: create 100 entries and then remove them 1-1,text,true,240,13048
1453668573370,408,Remove all entries,200,OK,JPA: create 100 entries and then remove them 1-1,text,true,203,408
1453668578783,14900,Create 100 entries,200,OK,JPA: create 100 entries and then remove them 1-1,text,true,240,14900
1453668598763,327,Remove all entries,200,OK,JPA: create 100 entries and then remove them 1-1,text,true,203,327
1453668604097,14070,Create 100 entries,200,OK,JPA: create 100 entries and then remove them 1-1,text,true,240,14070
1453668623176,451,Remove all entries,200,OK,JPA: create 100 entries and then remove them 1-1,text,true,203,451
1453668628639,13349,Create 100 entries,200,OK,JPA: create 100 entries and then remove them 1-1,text,true,240,13349
1453668646995,478,Remove all entries,200,OK,JPA: create 100 entries and then remove them 1-1,text,true,203,478
1453668652485,13471,Create 100 entries,200,OK,JPA: create 100 entries and then remove them 1-1,text,true,240,13471
1453668670965,345,Remove all entries,200,OK,JPA: create 100 entries and then remove them 1-1,text,true,203,345
1453668676318,13521,Create 100 entries,200,OK,JPA: create 100 entries and then remove them 1-1,text,true,240,13521
1453668694849,343,Remove all entries,200,OK,JPA: create 100 entries and then remove them 1-1,text,true,203,343
1453668700220,14820,Create 100 entries,200,OK,JPA: create 100 entries and then remove them 1-1,text,true,240,14820
1453668720056,334,Remove all entries,200,OK,JPA: create 100 entries and then remove them 1-1,text,true,203,334
1453668725399,13934,Create 100 entries,200,OK,JPA: create 100 entries and then remove them 1-1,text,true,240,13934
1453668744344,551,Remove all entries,200,OK,JPA: create 100 entries and then remove them 1-1,text,true,203,551
1453668749905,13188,Create 100 entries,200,OK,JPA: create 100 entries and then remove them 1-1,text,true,240,13188
1453668768104,331,Remove all entries,200,OK,JPA: create 100 entries and then remove them 1-1,text,true,203,331
