1453670380078,381,Create 100 entries,200,OK,Objectify: create 100 entries and then remove them 1-1,text,true,173,381
1453670385468,299,Remove all entries,200,OK,Objectify: create 100 entries and then remove them 1-1,text,true,172,299
1453670390777,317,Create 100 entries,200,OK,Objectify: create 100 entries and then remove them 1-1,text,true,173,317
1453670396104,303,Remove all entries,200,OK,Objectify: create 100 entries and then remove them 1-1,text,true,172,303
1453670401411,316,Create 100 entries,200,OK,Objectify: create 100 entries and then remove them 1-1,text,true,173,316
1453670406736,311,Remove all entries,200,OK,Objectify: create 100 entries and then remove them 1-1,text,true,172,311
1453670412059,356,Create 100 entries,200,OK,Objectify: create 100 entries and then remove them 1-1,text,true,173,356
1453670417425,487,Remove all entries,200,OK,Objectify: create 100 entries and then remove them 1-1,text,true,172,487
1453670422923,333,Create 100 entries,200,OK,Objectify: create 100 entries and then remove them 1-1,text,true,173,333
1453670428267,366,Remove all entries,200,OK,Objectify: create 100 entries and then remove them 1-1,text,true,172,366
1453670433643,314,Create 100 entries,200,OK,Objectify: create 100 entries and then remove them 1-1,text,true,173,314
1453670438967,1400,Remove all entries,200,OK,Objectify: create 100 entries and then remove them 1-1,text,true,172,1400
1453670445379,325,Create 100 entries,200,OK,Objectify: create 100 entries and then remove them 1-1,text,true,173,325
1453670450718,290,Remove all entries,200,OK,Objectify: create 100 entries and then remove them 1-1,text,true,172,290
1453670456021,377,Create 100 entries,200,OK,Objectify: create 100 entries and then remove them 1-1,text,true,173,377
1453670461405,294,Remove all entries,200,OK,Objectify: create 100 entries and then remove them 1-1,text,true,172,294
1453670466713,314,Create 100 entries,200,OK,Objectify: create 100 entries and then remove them 1-1,text,true,173,314
1453670472039,351,Remove all entries,200,OK,Objectify: create 100 entries and then remove them 1-1,text,true,172,351
1453670477403,332,Create 100 entries,200,OK,Objectify: create 100 entries and then remove them 1-1,text,true,173,332
1453670482750,291,Remove all entries,200,OK,Objectify: create 100 entries and then remove them 1-1,text,true,172,291
1453670488054,321,Create 100 entries,200,OK,Objectify: create 100 entries and then remove them 1-1,text,true,173,321
1453670493380,394,Remove all entries,200,OK,Objectify: create 100 entries and then remove them 1-1,text,true,172,394
1453670498789,439,Create 100 entries,200,OK,Objectify: create 100 entries and then remove them 1-1,text,true,173,439
1453670504235,283,Remove all entries,200,OK,Objectify: create 100 entries and then remove them 1-1,text,true,171,283
1453670509528,318,Create 100 entries,200,OK,Objectify: create 100 entries and then remove them 1-1,text,true,173,318
1453670514861,335,Remove all entries,200,OK,Objectify: create 100 entries and then remove them 1-1,text,true,172,335
1453670520207,338,Create 100 entries,200,OK,Objectify: create 100 entries and then remove them 1-1,text,true,173,338
1453670525555,304,Remove all entries,200,OK,Objectify: create 100 entries and then remove them 1-1,text,true,172,303
1453670530875,328,Create 100 entries,200,OK,Objectify: create 100 entries and then remove them 1-1,text,true,173,328
1453670536214,323,Remove all entries,200,OK,Objectify: create 100 entries and then remove them 1-1,text,true,172,323
1453670541554,322,Create 100 entries,200,OK,Objectify: create 100 entries and then remove them 1-1,text,true,173,322
1453670546886,314,Remove all entries,200,OK,Objectify: create 100 entries and then remove them 1-1,text,true,172,314
1453670552237,342,Create 100 entries,200,OK,Objectify: create 100 entries and then remove them 1-1,text,true,173,342
1453670557582,314,Remove all entries,200,OK,Objectify: create 100 entries and then remove them 1-1,text,true,172,314
1453670562900,316,Create 100 entries,200,OK,Objectify: create 100 entries and then remove them 1-1,text,true,173,316
1453670568242,300,Remove all entries,200,OK,Objectify: create 100 entries and then remove them 1-1,text,true,172,300
1453670573564,340,Create 100 entries,200,OK,Objectify: create 100 entries and then remove them 1-1,text,true,173,340
1453670578911,315,Remove all entries,200,OK,Objectify: create 100 entries and then remove them 1-1,text,true,172,315
1453670584234,332,Create 100 entries,200,OK,Objectify: create 100 entries and then remove them 1-1,text,true,173,332
1453670589586,341,Remove all entries,200,OK,Objectify: create 100 entries and then remove them 1-1,text,true,172,341
