1454956042409,15371,Create 100 entries,200,OK,"Objectify: create 100 ""complex"" entries and then remove them 1-1",text,true,216,15371
1454956062787,396,Remove all entries,200,OK,"Objectify: create 100 ""complex"" entries and then remove them 1-1",text,true,176,396
1454956068203,11493,Create 100 entries,200,OK,"Objectify: create 100 ""complex"" entries and then remove them 1-1",text,true,216,11493
1454956084700,343,Remove all entries,200,OK,"Objectify: create 100 ""complex"" entries and then remove them 1-1",text,true,176,343
1454956090051,10976,Create 100 entries,200,OK,"Objectify: create 100 ""complex"" entries and then remove them 1-1",text,true,216,10976
1454956106038,341,Remove all entries,200,OK,"Objectify: create 100 ""complex"" entries and then remove them 1-1",text,true,176,341
1454956111389,11058,Create 100 entries,200,OK,"Objectify: create 100 ""complex"" entries and then remove them 1-1",text,true,216,11058
1454956127457,343,Remove all entries,200,OK,"Objectify: create 100 ""complex"" entries and then remove them 1-1",text,true,176,343
1454956132806,10873,Create 100 entries,200,OK,"Objectify: create 100 ""complex"" entries and then remove them 1-1",text,true,216,10873
1454956148698,480,Remove all entries,200,OK,"Objectify: create 100 ""complex"" entries and then remove them 1-1",text,true,176,480
1454956154189,11032,Create 100 entries,200,OK,"Objectify: create 100 ""complex"" entries and then remove them 1-1",text,true,216,11032
1454956170234,347,Remove all entries,200,OK,"Objectify: create 100 ""complex"" entries and then remove them 1-1",text,true,176,347
1454956175585,11093,Create 100 entries,200,OK,"Objectify: create 100 ""complex"" entries and then remove them 1-1",text,true,216,11093
1454956191699,337,Remove all entries,200,OK,"Objectify: create 100 ""complex"" entries and then remove them 1-1",text,true,176,337
1454956197050,11705,Create 100 entries,200,OK,"Objectify: create 100 ""complex"" entries and then remove them 1-1",text,true,216,11705
1454956213762,385,Remove all entries,200,OK,"Objectify: create 100 ""complex"" entries and then remove them 1-1",text,true,176,385
1454956219161,11463,Create 100 entries,200,OK,"Objectify: create 100 ""complex"" entries and then remove them 1-1",text,true,216,11463
1454956235636,357,Remove all entries,200,OK,"Objectify: create 100 ""complex"" entries and then remove them 1-1",text,true,176,357
1454956241005,11370,Create 100 entries,200,OK,"Objectify: create 100 ""complex"" entries and then remove them 1-1",text,true,216,11370
1454956257386,363,Remove all entries,200,OK,"Objectify: create 100 ""complex"" entries and then remove them 1-1",text,true,176,363
1454956262753,11459,Create 100 entries,200,OK,"Objectify: create 100 ""complex"" entries and then remove them 1-1",text,true,216,11459
1454956279231,348,Remove all entries,200,OK,"Objectify: create 100 ""complex"" entries and then remove them 1-1",text,true,176,348
1454956284576,11208,Create 100 entries,200,OK,"Objectify: create 100 ""complex"" entries and then remove them 1-1",text,true,216,11208
1454956300803,440,Remove all entries,200,OK,"Objectify: create 100 ""complex"" entries and then remove them 1-1",text,true,176,440
1454956306258,11204,Create 100 entries,200,OK,"Objectify: create 100 ""complex"" entries and then remove them 1-1",text,true,216,11204
1454956322482,405,Remove all entries,200,OK,"Objectify: create 100 ""complex"" entries and then remove them 1-1",text,true,176,405
1454956327908,11603,Create 100 entries,200,OK,"Objectify: create 100 ""complex"" entries and then remove them 1-1",text,true,216,11602
1454956344521,339,Remove all entries,200,OK,"Objectify: create 100 ""complex"" entries and then remove them 1-1",text,true,176,339
1454956349881,11262,Create 100 entries,200,OK,"Objectify: create 100 ""complex"" entries and then remove them 1-1",text,true,216,11262
1454956366164,339,Remove all entries,200,OK,"Objectify: create 100 ""complex"" entries and then remove them 1-1",text,true,176,339
1454956371527,11235,Create 100 entries,200,OK,"Objectify: create 100 ""complex"" entries and then remove them 1-1",text,true,216,11235
1454956387793,349,Remove all entries,200,OK,"Objectify: create 100 ""complex"" entries and then remove them 1-1",text,true,176,349
1454956393160,11581,Create 100 entries,200,OK,"Objectify: create 100 ""complex"" entries and then remove them 1-1",text,true,216,11581
1454956409764,366,Remove all entries,200,OK,"Objectify: create 100 ""complex"" entries and then remove them 1-1",text,true,176,366
1454956415148,11543,Create 100 entries,200,OK,"Objectify: create 100 ""complex"" entries and then remove them 1-1",text,true,216,11543
1454956431720,339,Remove all entries,200,OK,"Objectify: create 100 ""complex"" entries and then remove them 1-1",text,true,176,339
1454956437087,11672,Create 100 entries,200,OK,"Objectify: create 100 ""complex"" entries and then remove them 1-1",text,true,216,11672
1454956453782,389,Remove all entries,200,OK,"Objectify: create 100 ""complex"" entries and then remove them 1-1",text,true,176,389
1454956459197,11452,Create 100 entries,200,OK,"Objectify: create 100 ""complex"" entries and then remove them 1-1",text,true,216,11452
1454956475674,354,Remove all entries,200,OK,"Objectify: create 100 ""complex"" entries and then remove them 1-1",text,true,176,354
