1453669935273,6989,Create 100 entries,200,OK,JPA: create 100 entries and then remove them 1-1,text,true,237,6989
1453669947268,299,Remove all entries,200,OK,JPA: create 100 entries and then remove them 1-1,text,true,202,299
1453669952568,5941,Create 100 entries,200,OK,JPA: create 100 entries and then remove them 1-1,text,true,237,5941
1453669963516,333,Remove all entries,200,OK,JPA: create 100 entries and then remove them 1-1,text,true,203,333
1453669968862,6331,Create 100 entries,200,OK,JPA: create 100 entries and then remove them 1-1,text,true,237,6331
1453669980214,310,Remove all entries,200,OK,JPA: create 100 entries and then remove them 1-1,text,true,203,310
1453669985531,6541,Create 100 entries,200,OK,JPA: create 100 entries and then remove them 1-1,text,true,237,6541
1453669997081,546,Remove all entries,200,OK,JPA: create 100 entries and then remove them 1-1,text,true,203,546
1453670002635,5881,Create 100 entries,200,OK,JPA: create 100 entries and then remove them 1-1,text,true,237,5881
1453670013521,297,Remove all entries,200,OK,JPA: create 100 entries and then remove them 1-1,text,true,203,297
1453670018824,5713,Create 100 entries,200,OK,JPA: create 100 entries and then remove them 1-1,text,true,237,5713
1453670029543,288,Remove all entries,200,OK,JPA: create 100 entries and then remove them 1-1,text,true,203,288
1453670034835,6084,Create 100 entries,200,OK,JPA: create 100 entries and then remove them 1-1,text,true,237,6084
1453670045968,335,Remove all entries,200,OK,JPA: create 100 entries and then remove them 1-1,text,true,203,335
1453670051308,5604,Create 100 entries,200,OK,JPA: create 100 entries and then remove them 1-1,text,true,237,5604
1453670061917,523,Remove all entries,200,OK,JPA: create 100 entries and then remove them 1-1,text,true,203,523
1453670067444,5821,Create 100 entries,200,OK,JPA: create 100 entries and then remove them 1-1,text,true,237,5821
1453670078297,1916,Remove all entries,200,OK,JPA: create 100 entries and then remove them 1-1,text,true,203,1916
1453670085220,5629,Create 100 entries,200,OK,JPA: create 100 entries and then remove them 1-1,text,true,237,5629
1453670095864,318,Remove all entries,200,OK,JPA: create 100 entries and then remove them 1-1,text,true,203,318
1453670101208,5823,Create 100 entries,200,OK,JPA: create 100 entries and then remove them 1-1,text,true,237,5823
1453670112038,324,Remove all entries,200,OK,JPA: create 100 entries and then remove them 1-1,text,true,203,324
1453670117376,6586,Create 100 entries,200,OK,JPA: create 100 entries and then remove them 1-1,text,true,237,6586
1453670128969,317,Remove all entries,200,OK,JPA: create 100 entries and then remove them 1-1,text,true,203,317
1453670134293,5519,Create 100 entries,200,OK,JPA: create 100 entries and then remove them 1-1,text,true,237,5519
1453670144818,326,Remove all entries,200,OK,JPA: create 100 entries and then remove them 1-1,text,true,203,326
1453670150151,5814,Create 100 entries,200,OK,JPA: create 100 entries and then remove them 1-1,text,true,237,5814
1453670160974,347,Remove all entries,200,OK,JPA: create 100 entries and then remove them 1-1,text,true,203,347
1453670166330,5781,Create 100 entries,200,OK,JPA: create 100 entries and then remove them 1-1,text,true,237,5781
1453670177117,322,Remove all entries,200,OK,JPA: create 100 entries and then remove them 1-1,text,true,203,322
1453670182446,6410,Create 100 entries,200,OK,JPA: create 100 entries and then remove them 1-1,text,true,237,6409
1453670193862,364,Remove all entries,200,OK,JPA: create 100 entries and then remove them 1-1,text,true,203,364
1453670199234,6687,Create 100 entries,200,OK,JPA: create 100 entries and then remove them 1-1,text,true,237,6687
1453670210945,377,Remove all entries,200,OK,JPA: create 100 entries and then remove them 1-1,text,true,203,377
1453670216333,6950,Create 100 entries,200,OK,JPA: create 100 entries and then remove them 1-1,text,true,237,6949
1453670228282,382,Remove all entries,200,OK,JPA: create 100 entries and then remove them 1-1,text,true,203,382
1453670233699,5693,Create 100 entries,200,OK,JPA: create 100 entries and then remove them 1-1,text,true,237,5693
1453670244402,367,Remove all entries,200,OK,JPA: create 100 entries and then remove them 1-1,text,true,203,367
1453670249781,5843,Create 100 entries,200,OK,JPA: create 100 entries and then remove them 1-1,text,true,237,5843
1453670260634,344,Remove all entries,200,OK,JPA: create 100 entries and then remove them 1-1,text,true,203,344
