1453668981759,10232,Create 100 entries,200,OK,Objectify: create 100 entries and then remove them 1-1,text,true,174,10232
1453668996997,289,Remove all entries,200,OK,Objectify: create 100 entries and then remove them 1-1,text,true,171,289
1453669002293,9421,Create 100 entries,200,OK,Objectify: create 100 entries and then remove them 1-1,text,true,174,9421
1453669016717,437,Remove all entries,200,OK,Objectify: create 100 entries and then remove them 1-1,text,true,172,437
1453669022157,9750,Create 100 entries,200,OK,Objectify: create 100 entries and then remove them 1-1,text,true,174,9750
1453669036914,313,Remove all entries,200,OK,Objectify: create 100 entries and then remove them 1-1,text,true,171,313
1453669042226,9593,Create 100 entries,200,OK,Objectify: create 100 entries and then remove them 1-1,text,true,174,9592
1453669056837,306,Remove all entries,200,OK,Objectify: create 100 entries and then remove them 1-1,text,true,172,306
1453669062160,9656,Create 100 entries,200,OK,Objectify: create 100 entries and then remove them 1-1,text,true,174,9656
1453669076833,370,Remove all entries,200,OK,Objectify: create 100 entries and then remove them 1-1,text,true,172,370
1453669082216,10311,Create 100 entries,200,OK,Objectify: create 100 entries and then remove them 1-1,text,true,175,10311
1453669097535,292,Remove all entries,200,OK,Objectify: create 100 entries and then remove them 1-1,text,true,171,292
1453669102844,9556,Create 100 entries,200,OK,Objectify: create 100 entries and then remove them 1-1,text,true,174,9556
1453669117409,331,Remove all entries,200,OK,Objectify: create 100 entries and then remove them 1-1,text,true,172,331
1453669122738,9700,Create 100 entries,200,OK,Objectify: create 100 entries and then remove them 1-1,text,true,174,9700
1453669137445,301,Remove all entries,200,OK,Objectify: create 100 entries and then remove them 1-1,text,true,172,301
1453669142753,9691,Create 100 entries,200,OK,Objectify: create 100 entries and then remove them 1-1,text,true,174,9691
1453669157449,311,Remove all entries,200,OK,Objectify: create 100 entries and then remove them 1-1,text,true,172,311
1453669162767,9423,Create 100 entries,200,OK,Objectify: create 100 entries and then remove them 1-1,text,true,174,9423
1453669177199,329,Remove all entries,200,OK,Objectify: create 100 entries and then remove them 1-1,text,true,172,329
1453669182550,10299,Create 100 entries,200,OK,Objectify: create 100 entries and then remove them 1-1,text,true,175,10299
1453669197878,283,Remove all entries,200,OK,Objectify: create 100 entries and then remove them 1-1,text,true,171,283
1453669203169,10187,Create 100 entries,200,OK,Objectify: create 100 entries and then remove them 1-1,text,true,174,10187
1453669218364,296,Remove all entries,200,OK,Objectify: create 100 entries and then remove them 1-1,text,true,172,296
1453669223679,9635,Create 100 entries,200,OK,Objectify: create 100 entries and then remove them 1-1,text,true,174,9635
1453669238328,260,Remove all entries,200,OK,Objectify: create 100 entries and then remove them 1-1,text,true,171,260
1453669243597,10363,Create 100 entries,200,OK,Objectify: create 100 entries and then remove them 1-1,text,true,175,10363
1453669258975,336,Remove all entries,200,OK,Objectify: create 100 entries and then remove them 1-1,text,true,172,336
1453669264319,10461,Create 100 entries,200,OK,Objectify: create 100 entries and then remove them 1-1,text,true,175,10461
1453669279787,297,Remove all entries,200,OK,Objectify: create 100 entries and then remove them 1-1,text,true,172,297
1453669285098,9902,Create 100 entries,200,OK,Objectify: create 100 entries and then remove them 1-1,text,true,174,9902
1453669300007,321,Remove all entries,200,OK,Objectify: create 100 entries and then remove them 1-1,text,true,172,321
1453669305340,10103,Create 100 entries,200,OK,Objectify: create 100 entries and then remove them 1-1,text,true,174,10103
1453669320457,316,Remove all entries,200,OK,Objectify: create 100 entries and then remove them 1-1,text,true,172,316
1453669325789,10780,Create 100 entries,200,OK,Objectify: create 100 entries and then remove them 1-1,text,true,175,10780
1453669341580,298,Remove all entries,200,OK,Objectify: create 100 entries and then remove them 1-1,text,true,171,298
1453669346890,9563,Create 100 entries,200,OK,Objectify: create 100 entries and then remove them 1-1,text,true,174,9563
1453669361469,381,Remove all entries,200,OK,Objectify: create 100 entries and then remove them 1-1,text,true,172,381
1453669366862,9579,Create 100 entries,200,OK,Objectify: create 100 entries and then remove them 1-1,text,true,174,9579
1453669381483,328,Remove all entries,200,OK,Objectify: create 100 entries and then remove them 1-1,text,true,172,328
